CODSEC;SECTORCLIMATICO;IDESTACION;ESTACION;IDVARIABLE;VARIABLE;CODTEST;TEST;IDPERIODO;PERIODO;IDDETALLEPERIODO;DETALLEPERIODO;DETHORA;VALORMINIMO1;VALORMINIMO2;VALORMAXIMO1;VALORMAXIMO2;REFERENCIA;FECHAMODIF
SI_2OR;SIERRA CENTRO ORIENTAL;472DF5D6;HUAYTAPALLANA;33;N_PRECIPITACION;LNE;Limites a Nivel de Estacion;3;MENSUAL HORARIO;14;ENERO;0:00:00;0;0;0.6;2.4;NOTA TECNICA N2 y N3;
SI_2OR;SIERRA CENTRO ORIENTAL;472DF5D6;HUAYTAPALLANA;33;N_PRECIPITACION;LNE;Limites a Nivel de Estacion;3;MENSUAL HORARIO;15;ENERO;1:00:00;0;0;0.8;2.6;NOTA TECNICA N2 y N3;
SI_2OR;SIERRA CENTRO ORIENTAL;472DF5D6;HUAYTAPALLANA;33;N_PRECIPITACION;LNE;Limites a Nivel de Estacion;3;MENSUAL HORARIO;16;ENERO;2:00:00;0;0;0.7;1.7;NOTA TECNICA N2 y N3;
SI_2OR;SIERRA CENTRO ORIENTAL;472DF5D6;HUAYTAPALLANA;33;N_PRECIPITACION;LNE;Limites a Nivel de Estacion;3;MENSUAL HORARIO;17;ENERO;3:00:00;0;0;0.5;1.6;NOTA TECNICA N2 y N3;
SI_2OR;SIERRA CENTRO ORIENTAL;472DF5D6;HUAYTAPALLANA;33;N_PRECIPITACION;LNE;Limites a Nivel de Estacion;3;MENSUAL HORARIO;18;ENERO;4:00:00;0;0;0.4;1;NOTA TECNICA N2 y N3;
SI_2OR;SIERRA CENTRO ORIENTAL;472DF5D6;HUAYTAPALLANA;33;N_PRECIPITACION;LNE;Limites a Nivel de Estacion;3;MENSUAL HORARIO;19;ENERO;5:00:00;0;0;0.4;1;NOTA TECNICA N2 y N3;
SI_2OR;SIERRA CENTRO ORIENTAL;472DF5D6;HUAYTAPALLANA;33;N_PRECIPITACION;LNE;Limites a Nivel de Estacion;3;MENSUAL HORARIO;20;ENERO;6:00:00;0;0;0.4;0.9;NOTA TECNICA N2 y N3;
SI_2OR;SIERRA CENTRO ORIENTAL;472DF5D6;HUAYTAPALLANA;33;N_PRECIPITACION;LNE;Limites a Nivel de Estacion;3;MENSUAL HORARIO;21;ENERO;7:00:00;0;0;0.2;0.8;NOTA TECNICA N2 y N3;
SI_2OR;SIERRA CENTRO ORIENTAL;472DF5D6;HUAYTAPALLANA;33;N_PRECIPITACION;LNE;Limites a Nivel de Estacion;3;MENSUAL HORARIO;22;ENERO;8:00:00;0;0;0.1;0.5;NOTA TECNICA N2 y N3;
SI_2OR;SIERRA CENTRO ORIENTAL;472DF5D6;HUAYTAPALLANA;33;N_PRECIPITACION;LNE;Limites a Nivel de Estacion;3;MENSUAL HORARIO;23;ENERO;9:00:00;0;0;0.1;0.4;NOTA TECNICA N2 y N3;
SI_2OR;SIERRA CENTRO ORIENTAL;472DF5D6;HUAYTAPALLANA;33;N_PRECIPITACION;LNE;Limites a Nivel de Estacion;3;MENSUAL HORARIO;24;ENERO;10:00:00;0;0;0.1;0.4;NOTA TECNICA N2 y N3;
SI_2OR;SIERRA CENTRO ORIENTAL;472DF5D6;HUAYTAPALLANA;33;N_PRECIPITACION;LNE;Limites a Nivel de Estacion;3;MENSUAL HORARIO;25;ENERO;11:00:00;0;0;0.1;0.6;NOTA TECNICA N2 y N3;
SI_2OR;SIERRA CENTRO ORIENTAL;472DF5D6;HUAYTAPALLANA;33;N_PRECIPITACION;LNE;Limites a Nivel de Estacion;3;MENSUAL HORARIO;26;ENERO;12:00:00;0;0;0;0;NOTA TECNICA N2 y N3;
SI_2OR;SIERRA CENTRO ORIENTAL;472DF5D6;HUAYTAPALLANA;33;N_PRECIPITACION;LNE;Limites a Nivel de Estacion;3;MENSUAL HORARIO;27;ENERO;13:00:00;0;0;0.4;1.3;NOTA TECNICA N2 y N3;
SI_2OR;SIERRA CENTRO ORIENTAL;472DF5D6;HUAYTAPALLANA;33;N_PRECIPITACION;LNE;Limites a Nivel de Estacion;3;MENSUAL HORARIO;28;ENERO;14:00:00;0;0;0.8;2.8;NOTA TECNICA N2 y N3;
SI_2OR;SIERRA CENTRO ORIENTAL;472DF5D6;HUAYTAPALLANA;33;N_PRECIPITACION;LNE;Limites a Nivel de Estacion;3;MENSUAL HORARIO;29;ENERO;15:00:00;0;0;0.8;1.9;NOTA TECNICA N2 y N3;
SI_2OR;SIERRA CENTRO ORIENTAL;472DF5D6;HUAYTAPALLANA;33;N_PRECIPITACION;LNE;Limites a Nivel de Estacion;3;MENSUAL HORARIO;30;ENERO;16:00:00;0;0;0.9;2.3;NOTA TECNICA N2 y N3;
SI_2OR;SIERRA CENTRO ORIENTAL;472DF5D6;HUAYTAPALLANA;33;N_PRECIPITACION;LNE;Limites a Nivel de Estacion;3;MENSUAL HORARIO;31;ENERO;17:00:00;0;0;0.9;2.7;NOTA TECNICA N2 y N3;
SI_2OR;SIERRA CENTRO ORIENTAL;472DF5D6;HUAYTAPALLANA;33;N_PRECIPITACION;LNE;Limites a Nivel de Estacion;3;MENSUAL HORARIO;32;ENERO;18:00:00;0;0;1.3;3.9;NOTA TECNICA N2 y N3;
SI_2OR;SIERRA CENTRO ORIENTAL;472DF5D6;HUAYTAPALLANA;33;N_PRECIPITACION;LNE;Limites a Nivel de Estacion;3;MENSUAL HORARIO;33;ENERO;19:00:00;0;0;1.1;2.7;NOTA TECNICA N2 y N3;
SI_2OR;SIERRA CENTRO ORIENTAL;472DF5D6;HUAYTAPALLANA;33;N_PRECIPITACION;LNE;Limites a Nivel de Estacion;3;MENSUAL HORARIO;34;ENERO;20:00:00;0;0;1.2;3.3;NOTA TECNICA N2 y N3;
SI_2OR;SIERRA CENTRO ORIENTAL;472DF5D6;HUAYTAPALLANA;33;N_PRECIPITACION;LNE;Limites a Nivel de Estacion;3;MENSUAL HORARIO;35;ENERO;21:00:00;0;0;1.1;3;NOTA TECNICA N2 y N3;
SI_2OR;SIERRA CENTRO ORIENTAL;472DF5D6;HUAYTAPALLANA;33;N_PRECIPITACION;LNE;Limites a Nivel de Estacion;3;MENSUAL HORARIO;36;ENERO;22:00:00;0;0;0.8;2.7;NOTA TECNICA N2 y N3;
SI_2OR;SIERRA CENTRO ORIENTAL;472DF5D6;HUAYTAPALLANA;33;N_PRECIPITACION;LNE;Limites a Nivel de Estacion;3;MENSUAL HORARIO;37;ENERO;23:00:00;0;0;0.9;1.6;NOTA TECNICA N2 y N3;
SI_2OR;SIERRA CENTRO ORIENTAL;472DF5D6;HUAYTAPALLANA;33;N_PRECIPITACION;LNE;Limites a Nivel de Estacion;3;MENSUAL HORARIO;38;FEBRERO;0:00:00;0;0;0.5;2;NOTA TECNICA N2 y N3;
SI_2OR;SIERRA CENTRO ORIENTAL;472DF5D6;HUAYTAPALLANA;33;N_PRECIPITACION;LNE;Limites a Nivel de Estacion;3;MENSUAL HORARIO;39;FEBRERO;1:00:00;0;0;0.5;2.2;NOTA TECNICA N2 y N3;
SI_2OR;SIERRA CENTRO ORIENTAL;472DF5D6;HUAYTAPALLANA;33;N_PRECIPITACION;LNE;Limites a Nivel de Estacion;3;MENSUAL HORARIO;40;FEBRERO;2:00:00;0;0;0.5;1.5;NOTA TECNICA N2 y N3;
SI_2OR;SIERRA CENTRO ORIENTAL;472DF5D6;HUAYTAPALLANA;33;N_PRECIPITACION;LNE;Limites a Nivel de Estacion;3;MENSUAL HORARIO;41;FEBRERO;3:00:00;0;0;0.2;0.9;NOTA TECNICA N2 y N3;
SI_2OR;SIERRA CENTRO ORIENTAL;472DF5D6;HUAYTAPALLANA;33;N_PRECIPITACION;LNE;Limites a Nivel de Estacion;3;MENSUAL HORARIO;42;FEBRERO;4:00:00;0;0;0.2;1.1;NOTA TECNICA N2 y N3;
SI_2OR;SIERRA CENTRO ORIENTAL;472DF5D6;HUAYTAPALLANA;33;N_PRECIPITACION;LNE;Limites a Nivel de Estacion;3;MENSUAL HORARIO;43;FEBRERO;5:00:00;0;0;0.2;0.8;NOTA TECNICA N2 y N3;
SI_2OR;SIERRA CENTRO ORIENTAL;472DF5D6;HUAYTAPALLANA;33;N_PRECIPITACION;LNE;Limites a Nivel de Estacion;3;MENSUAL HORARIO;44;FEBRERO;6:00:00;0;0;0.1;0.8;NOTA TECNICA N2 y N3;
SI_2OR;SIERRA CENTRO ORIENTAL;472DF5D6;HUAYTAPALLANA;33;N_PRECIPITACION;LNE;Limites a Nivel de Estacion;3;MENSUAL HORARIO;45;FEBRERO;7:00:00;0;0;0.1;0.4;NOTA TECNICA N2 y N3;
SI_2OR;SIERRA CENTRO ORIENTAL;472DF5D6;HUAYTAPALLANA;33;N_PRECIPITACION;LNE;Limites a Nivel de Estacion;3;MENSUAL HORARIO;46;FEBRERO;8:00:00;0;0;0.1;0.4;NOTA TECNICA N2 y N3;
SI_2OR;SIERRA CENTRO ORIENTAL;472DF5D6;HUAYTAPALLANA;33;N_PRECIPITACION;LNE;Limites a Nivel de Estacion;3;MENSUAL HORARIO;47;FEBRERO;9:00:00;0;0;0.1;0.7;NOTA TECNICA N2 y N3;
SI_2OR;SIERRA CENTRO ORIENTAL;472DF5D6;HUAYTAPALLANA;33;N_PRECIPITACION;LNE;Limites a Nivel de Estacion;3;MENSUAL HORARIO;48;FEBRERO;10:00:00;0;0;0.1;0.3;NOTA TECNICA N2 y N3;
SI_2OR;SIERRA CENTRO ORIENTAL;472DF5D6;HUAYTAPALLANA;33;N_PRECIPITACION;LNE;Limites a Nivel de Estacion;3;MENSUAL HORARIO;49;FEBRERO;11:00:00;0;0;0;0.4;NOTA TECNICA N2 y N3;
SI_2OR;SIERRA CENTRO ORIENTAL;472DF5D6;HUAYTAPALLANA;33;N_PRECIPITACION;LNE;Limites a Nivel de Estacion;3;MENSUAL HORARIO;50;FEBRERO;12:00:00;0;0;0;0;NOTA TECNICA N2 y N3;
SI_2OR;SIERRA CENTRO ORIENTAL;472DF5D6;HUAYTAPALLANA;33;N_PRECIPITACION;LNE;Limites a Nivel de Estacion;3;MENSUAL HORARIO;51;FEBRERO;13:00:00;0;0;0.4;1.4;NOTA TECNICA N2 y N3;
SI_2OR;SIERRA CENTRO ORIENTAL;472DF5D6;HUAYTAPALLANA;33;N_PRECIPITACION;LNE;Limites a Nivel de Estacion;3;MENSUAL HORARIO;52;FEBRERO;14:00:00;0;0;0.4;1.6;NOTA TECNICA N2 y N3;
SI_2OR;SIERRA CENTRO ORIENTAL;472DF5D6;HUAYTAPALLANA;33;N_PRECIPITACION;LNE;Limites a Nivel de Estacion;3;MENSUAL HORARIO;53;FEBRERO;15:00:00;0;0;0.7;1.7;NOTA TECNICA N2 y N3;
SI_2OR;SIERRA CENTRO ORIENTAL;472DF5D6;HUAYTAPALLANA;33;N_PRECIPITACION;LNE;Limites a Nivel de Estacion;3;MENSUAL HORARIO;54;FEBRERO;16:00:00;0;0;0.9;2.9;NOTA TECNICA N2 y N3;
SI_2OR;SIERRA CENTRO ORIENTAL;472DF5D6;HUAYTAPALLANA;33;N_PRECIPITACION;LNE;Limites a Nivel de Estacion;3;MENSUAL HORARIO;55;FEBRERO;17:00:00;0;0;2.1;3.9;NOTA TECNICA N2 y N3;
SI_2OR;SIERRA CENTRO ORIENTAL;472DF5D6;HUAYTAPALLANA;33;N_PRECIPITACION;LNE;Limites a Nivel de Estacion;3;MENSUAL HORARIO;56;FEBRERO;18:00:00;0;0;2;4.6;NOTA TECNICA N2 y N3;
SI_2OR;SIERRA CENTRO ORIENTAL;472DF5D6;HUAYTAPALLANA;33;N_PRECIPITACION;LNE;Limites a Nivel de Estacion;3;MENSUAL HORARIO;57;FEBRERO;19:00:00;0;0;1.6;3.4;NOTA TECNICA N2 y N3;
SI_2OR;SIERRA CENTRO ORIENTAL;472DF5D6;HUAYTAPALLANA;33;N_PRECIPITACION;LNE;Limites a Nivel de Estacion;3;MENSUAL HORARIO;58;FEBRERO;20:00:00;0;0;1.9;3.6;NOTA TECNICA N2 y N3;
SI_2OR;SIERRA CENTRO ORIENTAL;472DF5D6;HUAYTAPALLANA;33;N_PRECIPITACION;LNE;Limites a Nivel de Estacion;3;MENSUAL HORARIO;59;FEBRERO;21:00:00;0;0;1.6;3.1;NOTA TECNICA N2 y N3;
SI_2OR;SIERRA CENTRO ORIENTAL;472DF5D6;HUAYTAPALLANA;33;N_PRECIPITACION;LNE;Limites a Nivel de Estacion;3;MENSUAL HORARIO;60;FEBRERO;22:00:00;0;0;0.8;2.5;NOTA TECNICA N2 y N3;
SI_2OR;SIERRA CENTRO ORIENTAL;472DF5D6;HUAYTAPALLANA;33;N_PRECIPITACION;LNE;Limites a Nivel de Estacion;3;MENSUAL HORARIO;61;FEBRERO;23:00:00;0;0;0.4;2.2;NOTA TECNICA N2 y N3;
SI_2OR;SIERRA CENTRO ORIENTAL;472DF5D6;HUAYTAPALLANA;33;N_PRECIPITACION;LNE;Limites a Nivel de Estacion;3;MENSUAL HORARIO;62;MARZO;0:00:00;0;0;0.3;1.5;NOTA TECNICA N2 y N3;
SI_2OR;SIERRA CENTRO ORIENTAL;472DF5D6;HUAYTAPALLANA;33;N_PRECIPITACION;LNE;Limites a Nivel de Estacion;3;MENSUAL HORARIO;63;MARZO;1:00:00;0;0;0.4;0.9;NOTA TECNICA N2 y N3;
SI_2OR;SIERRA CENTRO ORIENTAL;472DF5D6;HUAYTAPALLANA;33;N_PRECIPITACION;LNE;Limites a Nivel de Estacion;3;MENSUAL HORARIO;64;MARZO;2:00:00;0;0;0.2;0.8;NOTA TECNICA N2 y N3;
SI_2OR;SIERRA CENTRO ORIENTAL;472DF5D6;HUAYTAPALLANA;33;N_PRECIPITACION;LNE;Limites a Nivel de Estacion;3;MENSUAL HORARIO;65;MARZO;3:00:00;0;0;0.2;1.2;NOTA TECNICA N2 y N3;
SI_2OR;SIERRA CENTRO ORIENTAL;472DF5D6;HUAYTAPALLANA;33;N_PRECIPITACION;LNE;Limites a Nivel de Estacion;3;MENSUAL HORARIO;66;MARZO;4:00:00;0;0;0.1;0.9;NOTA TECNICA N2 y N3;
SI_2OR;SIERRA CENTRO ORIENTAL;472DF5D6;HUAYTAPALLANA;33;N_PRECIPITACION;LNE;Limites a Nivel de Estacion;3;MENSUAL HORARIO;67;MARZO;5:00:00;0;0;0.2;0.8;NOTA TECNICA N2 y N3;
SI_2OR;SIERRA CENTRO ORIENTAL;472DF5D6;HUAYTAPALLANA;33;N_PRECIPITACION;LNE;Limites a Nivel de Estacion;3;MENSUAL HORARIO;68;MARZO;6:00:00;0;0;0.2;1.1;NOTA TECNICA N2 y N3;
SI_2OR;SIERRA CENTRO ORIENTAL;472DF5D6;HUAYTAPALLANA;33;N_PRECIPITACION;LNE;Limites a Nivel de Estacion;3;MENSUAL HORARIO;69;MARZO;7:00:00;0;0;0.1;0.7;NOTA TECNICA N2 y N3;
SI_2OR;SIERRA CENTRO ORIENTAL;472DF5D6;HUAYTAPALLANA;33;N_PRECIPITACION;LNE;Limites a Nivel de Estacion;3;MENSUAL HORARIO;70;MARZO;8:00:00;0;0;0.1;0.5;NOTA TECNICA N2 y N3;
SI_2OR;SIERRA CENTRO ORIENTAL;472DF5D6;HUAYTAPALLANA;33;N_PRECIPITACION;LNE;Limites a Nivel de Estacion;3;MENSUAL HORARIO;71;MARZO;9:00:00;0;0;0.1;0.3;NOTA TECNICA N2 y N3;
SI_2OR;SIERRA CENTRO ORIENTAL;472DF5D6;HUAYTAPALLANA;33;N_PRECIPITACION;LNE;Limites a Nivel de Estacion;3;MENSUAL HORARIO;72;MARZO;10:00:00;0;0;0.1;0.6;NOTA TECNICA N2 y N3;
SI_2OR;SIERRA CENTRO ORIENTAL;472DF5D6;HUAYTAPALLANA;33;N_PRECIPITACION;LNE;Limites a Nivel de Estacion;3;MENSUAL HORARIO;73;MARZO;11:00:00;0;0;0.1;0.7;NOTA TECNICA N2 y N3;
SI_2OR;SIERRA CENTRO ORIENTAL;472DF5D6;HUAYTAPALLANA;33;N_PRECIPITACION;LNE;Limites a Nivel de Estacion;3;MENSUAL HORARIO;74;MARZO;12:00:00;0;0;0;0;NOTA TECNICA N2 y N3;
SI_2OR;SIERRA CENTRO ORIENTAL;472DF5D6;HUAYTAPALLANA;33;N_PRECIPITACION;LNE;Limites a Nivel de Estacion;3;MENSUAL HORARIO;75;MARZO;13:00:00;0;0;0.4;1.6;NOTA TECNICA N2 y N3;
SI_2OR;SIERRA CENTRO ORIENTAL;472DF5D6;HUAYTAPALLANA;33;N_PRECIPITACION;LNE;Limites a Nivel de Estacion;3;MENSUAL HORARIO;76;MARZO;14:00:00;0;0;0.6;1.1;NOTA TECNICA N2 y N3;
SI_2OR;SIERRA CENTRO ORIENTAL;472DF5D6;HUAYTAPALLANA;33;N_PRECIPITACION;LNE;Limites a Nivel de Estacion;3;MENSUAL HORARIO;77;MARZO;15:00:00;0;0;0.7;2.5;NOTA TECNICA N2 y N3;
SI_2OR;SIERRA CENTRO ORIENTAL;472DF5D6;HUAYTAPALLANA;33;N_PRECIPITACION;LNE;Limites a Nivel de Estacion;3;MENSUAL HORARIO;78;MARZO;16:00:00;0;0;0.6;2.1;NOTA TECNICA N2 y N3;
SI_2OR;SIERRA CENTRO ORIENTAL;472DF5D6;HUAYTAPALLANA;33;N_PRECIPITACION;LNE;Limites a Nivel de Estacion;3;MENSUAL HORARIO;79;MARZO;17:00:00;0;0;1.3;2.9;NOTA TECNICA N2 y N3;
SI_2OR;SIERRA CENTRO ORIENTAL;472DF5D6;HUAYTAPALLANA;33;N_PRECIPITACION;LNE;Limites a Nivel de Estacion;3;MENSUAL HORARIO;80;MARZO;18:00:00;0;0;1.1;3.3;NOTA TECNICA N2 y N3;
SI_2OR;SIERRA CENTRO ORIENTAL;472DF5D6;HUAYTAPALLANA;33;N_PRECIPITACION;LNE;Limites a Nivel de Estacion;3;MENSUAL HORARIO;81;MARZO;19:00:00;0;0;1.3;3.8;NOTA TECNICA N2 y N3;
SI_2OR;SIERRA CENTRO ORIENTAL;472DF5D6;HUAYTAPALLANA;33;N_PRECIPITACION;LNE;Limites a Nivel de Estacion;3;MENSUAL HORARIO;82;MARZO;20:00:00;0;0;1.5;3.4;NOTA TECNICA N2 y N3;
SI_2OR;SIERRA CENTRO ORIENTAL;472DF5D6;HUAYTAPALLANA;33;N_PRECIPITACION;LNE;Limites a Nivel de Estacion;3;MENSUAL HORARIO;83;MARZO;21:00:00;0;0;1.1;2.9;NOTA TECNICA N2 y N3;
SI_2OR;SIERRA CENTRO ORIENTAL;472DF5D6;HUAYTAPALLANA;33;N_PRECIPITACION;LNE;Limites a Nivel de Estacion;3;MENSUAL HORARIO;84;MARZO;22:00:00;0;0;0.9;2.4;NOTA TECNICA N2 y N3;
SI_2OR;SIERRA CENTRO ORIENTAL;472DF5D6;HUAYTAPALLANA;33;N_PRECIPITACION;LNE;Limites a Nivel de Estacion;3;MENSUAL HORARIO;85;MARZO;23:00:00;0;0;0.5;2.7;NOTA TECNICA N2 y N3;
SI_2OR;SIERRA CENTRO ORIENTAL;472DF5D6;HUAYTAPALLANA;33;N_PRECIPITACION;LNE;Limites a Nivel de Estacion;3;MENSUAL HORARIO;86;ABRIL;0:00:00;0;0;0;0.9;NOTA TECNICA N2 y N3;
SI_2OR;SIERRA CENTRO ORIENTAL;472DF5D6;HUAYTAPALLANA;33;N_PRECIPITACION;LNE;Limites a Nivel de Estacion;3;MENSUAL HORARIO;87;ABRIL;1:00:00;0;0;0;0.5;NOTA TECNICA N2 y N3;
SI_2OR;SIERRA CENTRO ORIENTAL;472DF5D6;HUAYTAPALLANA;33;N_PRECIPITACION;LNE;Limites a Nivel de Estacion;3;MENSUAL HORARIO;88;ABRIL;2:00:00;0;0;0;1.1;NOTA TECNICA N2 y N3;
SI_2OR;SIERRA CENTRO ORIENTAL;472DF5D6;HUAYTAPALLANA;33;N_PRECIPITACION;LNE;Limites a Nivel de Estacion;3;MENSUAL HORARIO;89;ABRIL;3:00:00;0;0;0;0.7;NOTA TECNICA N2 y N3;
SI_2OR;SIERRA CENTRO ORIENTAL;472DF5D6;HUAYTAPALLANA;33;N_PRECIPITACION;LNE;Limites a Nivel de Estacion;3;MENSUAL HORARIO;90;ABRIL;4:00:00;0;0;0.1;0.7;NOTA TECNICA N2 y N3;
SI_2OR;SIERRA CENTRO ORIENTAL;472DF5D6;HUAYTAPALLANA;33;N_PRECIPITACION;LNE;Limites a Nivel de Estacion;3;MENSUAL HORARIO;91;ABRIL;5:00:00;0;0;0;0.4;NOTA TECNICA N2 y N3;
SI_2OR;SIERRA CENTRO ORIENTAL;472DF5D6;HUAYTAPALLANA;33;N_PRECIPITACION;LNE;Limites a Nivel de Estacion;3;MENSUAL HORARIO;92;ABRIL;6:00:00;0;0;0;0.1;NOTA TECNICA N2 y N3;
SI_2OR;SIERRA CENTRO ORIENTAL;472DF5D6;HUAYTAPALLANA;33;N_PRECIPITACION;LNE;Limites a Nivel de Estacion;3;MENSUAL HORARIO;93;ABRIL;7:00:00;0;0;0;0.2;NOTA TECNICA N2 y N3;
SI_2OR;SIERRA CENTRO ORIENTAL;472DF5D6;HUAYTAPALLANA;33;N_PRECIPITACION;LNE;Limites a Nivel de Estacion;3;MENSUAL HORARIO;94;ABRIL;8:00:00;0;0;0;0.4;NOTA TECNICA N2 y N3;
SI_2OR;SIERRA CENTRO ORIENTAL;472DF5D6;HUAYTAPALLANA;33;N_PRECIPITACION;LNE;Limites a Nivel de Estacion;3;MENSUAL HORARIO;95;ABRIL;9:00:00;0;0;0;0.2;NOTA TECNICA N2 y N3;
SI_2OR;SIERRA CENTRO ORIENTAL;472DF5D6;HUAYTAPALLANA;33;N_PRECIPITACION;LNE;Limites a Nivel de Estacion;3;MENSUAL HORARIO;96;ABRIL;10:00:00;0;0;0;0.1;NOTA TECNICA N2 y N3;
SI_2OR;SIERRA CENTRO ORIENTAL;472DF5D6;HUAYTAPALLANA;33;N_PRECIPITACION;LNE;Limites a Nivel de Estacion;3;MENSUAL HORARIO;97;ABRIL;11:00:00;0;0;0;0.3;NOTA TECNICA N2 y N3;
SI_2OR;SIERRA CENTRO ORIENTAL;472DF5D6;HUAYTAPALLANA;33;N_PRECIPITACION;LNE;Limites a Nivel de Estacion;3;MENSUAL HORARIO;98;ABRIL;12:00:00;0;0;0;0;NOTA TECNICA N2 y N3;
SI_2OR;SIERRA CENTRO ORIENTAL;472DF5D6;HUAYTAPALLANA;33;N_PRECIPITACION;LNE;Limites a Nivel de Estacion;3;MENSUAL HORARIO;99;ABRIL;13:00:00;0;0;0;0.4;NOTA TECNICA N2 y N3;
SI_2OR;SIERRA CENTRO ORIENTAL;472DF5D6;HUAYTAPALLANA;33;N_PRECIPITACION;LNE;Limites a Nivel de Estacion;3;MENSUAL HORARIO;100;ABRIL;14:00:00;0;0;0.1;0.6;NOTA TECNICA N2 y N3;
SI_2OR;SIERRA CENTRO ORIENTAL;472DF5D6;HUAYTAPALLANA;33;N_PRECIPITACION;LNE;Limites a Nivel de Estacion;3;MENSUAL HORARIO;101;ABRIL;15:00:00;0;0;0.2;1.4;NOTA TECNICA N2 y N3;
SI_2OR;SIERRA CENTRO ORIENTAL;472DF5D6;HUAYTAPALLANA;33;N_PRECIPITACION;LNE;Limites a Nivel de Estacion;3;MENSUAL HORARIO;102;ABRIL;16:00:00;0;0;0.3;1.3;NOTA TECNICA N2 y N3;
SI_2OR;SIERRA CENTRO ORIENTAL;472DF5D6;HUAYTAPALLANA;33;N_PRECIPITACION;LNE;Limites a Nivel de Estacion;3;MENSUAL HORARIO;103;ABRIL;17:00:00;0;0;0.3;2.6;NOTA TECNICA N2 y N3;
SI_2OR;SIERRA CENTRO ORIENTAL;472DF5D6;HUAYTAPALLANA;33;N_PRECIPITACION;LNE;Limites a Nivel de Estacion;3;MENSUAL HORARIO;104;ABRIL;18:00:00;0;0;0.4;2.6;NOTA TECNICA N2 y N3;
SI_2OR;SIERRA CENTRO ORIENTAL;472DF5D6;HUAYTAPALLANA;33;N_PRECIPITACION;LNE;Limites a Nivel de Estacion;3;MENSUAL HORARIO;105;ABRIL;19:00:00;0;0;0.6;2.3;NOTA TECNICA N2 y N3;
SI_2OR;SIERRA CENTRO ORIENTAL;472DF5D6;HUAYTAPALLANA;33;N_PRECIPITACION;LNE;Limites a Nivel de Estacion;3;MENSUAL HORARIO;106;ABRIL;20:00:00;0;0;1.1;2.3;NOTA TECNICA N2 y N3;
SI_2OR;SIERRA CENTRO ORIENTAL;472DF5D6;HUAYTAPALLANA;33;N_PRECIPITACION;LNE;Limites a Nivel de Estacion;3;MENSUAL HORARIO;107;ABRIL;21:00:00;0;0;0.4;1.7;NOTA TECNICA N2 y N3;
SI_2OR;SIERRA CENTRO ORIENTAL;472DF5D6;HUAYTAPALLANA;33;N_PRECIPITACION;LNE;Limites a Nivel de Estacion;3;MENSUAL HORARIO;108;ABRIL;22:00:00;0;0;0.1;0.7;NOTA TECNICA N2 y N3;
SI_2OR;SIERRA CENTRO ORIENTAL;472DF5D6;HUAYTAPALLANA;33;N_PRECIPITACION;LNE;Limites a Nivel de Estacion;3;MENSUAL HORARIO;109;ABRIL;23:00:00;0;0;0;0.7;NOTA TECNICA N2 y N3;
SI_2OR;SIERRA CENTRO ORIENTAL;472DF5D6;HUAYTAPALLANA;33;N_PRECIPITACION;LNE;Limites a Nivel de Estacion;3;MENSUAL HORARIO;110;MAYO;0:00:00;0;0;0;0.1;NOTA TECNICA N2 y N3;
SI_2OR;SIERRA CENTRO ORIENTAL;472DF5D6;HUAYTAPALLANA;33;N_PRECIPITACION;LNE;Limites a Nivel de Estacion;3;MENSUAL HORARIO;111;MAYO;1:00:00;0;0;0;0.1;NOTA TECNICA N2 y N3;
SI_2OR;SIERRA CENTRO ORIENTAL;472DF5D6;HUAYTAPALLANA;33;N_PRECIPITACION;LNE;Limites a Nivel de Estacion;3;MENSUAL HORARIO;112;MAYO;2:00:00;0;0;0;0.1;NOTA TECNICA N2 y N3;
SI_2OR;SIERRA CENTRO ORIENTAL;472DF5D6;HUAYTAPALLANA;33;N_PRECIPITACION;LNE;Limites a Nivel de Estacion;3;MENSUAL HORARIO;113;MAYO;3:00:00;0;0;0;0;NOTA TECNICA N2 y N3;
SI_2OR;SIERRA CENTRO ORIENTAL;472DF5D6;HUAYTAPALLANA;33;N_PRECIPITACION;LNE;Limites a Nivel de Estacion;3;MENSUAL HORARIO;114;MAYO;4:00:00;0;0;0;0.1;NOTA TECNICA N2 y N3;
SI_2OR;SIERRA CENTRO ORIENTAL;472DF5D6;HUAYTAPALLANA;33;N_PRECIPITACION;LNE;Limites a Nivel de Estacion;3;MENSUAL HORARIO;115;MAYO;5:00:00;0;0;0;0;NOTA TECNICA N2 y N3;
SI_2OR;SIERRA CENTRO ORIENTAL;472DF5D6;HUAYTAPALLANA;33;N_PRECIPITACION;LNE;Limites a Nivel de Estacion;3;MENSUAL HORARIO;116;MAYO;6:00:00;0;0;0;0.1;NOTA TECNICA N2 y N3;
SI_2OR;SIERRA CENTRO ORIENTAL;472DF5D6;HUAYTAPALLANA;33;N_PRECIPITACION;LNE;Limites a Nivel de Estacion;3;MENSUAL HORARIO;117;MAYO;7:00:00;0;0;0;0;NOTA TECNICA N2 y N3;
SI_2OR;SIERRA CENTRO ORIENTAL;472DF5D6;HUAYTAPALLANA;33;N_PRECIPITACION;LNE;Limites a Nivel de Estacion;3;MENSUAL HORARIO;118;MAYO;8:00:00;0;0;0;0;NOTA TECNICA N2 y N3;
SI_2OR;SIERRA CENTRO ORIENTAL;472DF5D6;HUAYTAPALLANA;33;N_PRECIPITACION;LNE;Limites a Nivel de Estacion;3;MENSUAL HORARIO;119;MAYO;9:00:00;0;0;0;0.1;NOTA TECNICA N2 y N3;
SI_2OR;SIERRA CENTRO ORIENTAL;472DF5D6;HUAYTAPALLANA;33;N_PRECIPITACION;LNE;Limites a Nivel de Estacion;3;MENSUAL HORARIO;120;MAYO;10:00:00;0;0;0;0;NOTA TECNICA N2 y N3;
SI_2OR;SIERRA CENTRO ORIENTAL;472DF5D6;HUAYTAPALLANA;33;N_PRECIPITACION;LNE;Limites a Nivel de Estacion;3;MENSUAL HORARIO;121;MAYO;11:00:00;0;0;0;0;NOTA TECNICA N2 y N3;
SI_2OR;SIERRA CENTRO ORIENTAL;472DF5D6;HUAYTAPALLANA;33;N_PRECIPITACION;LNE;Limites a Nivel de Estacion;3;MENSUAL HORARIO;122;MAYO;12:00:00;0;0;0;0;NOTA TECNICA N2 y N3;
SI_2OR;SIERRA CENTRO ORIENTAL;472DF5D6;HUAYTAPALLANA;33;N_PRECIPITACION;LNE;Limites a Nivel de Estacion;3;MENSUAL HORARIO;123;MAYO;13:00:00;0;0;0;0.1;NOTA TECNICA N2 y N3;
SI_2OR;SIERRA CENTRO ORIENTAL;472DF5D6;HUAYTAPALLANA;33;N_PRECIPITACION;LNE;Limites a Nivel de Estacion;3;MENSUAL HORARIO;124;MAYO;14:00:00;0;0;0;0.3;NOTA TECNICA N2 y N3;
SI_2OR;SIERRA CENTRO ORIENTAL;472DF5D6;HUAYTAPALLANA;33;N_PRECIPITACION;LNE;Limites a Nivel de Estacion;3;MENSUAL HORARIO;125;MAYO;15:00:00;0;0;0;0.2;NOTA TECNICA N2 y N3;
SI_2OR;SIERRA CENTRO ORIENTAL;472DF5D6;HUAYTAPALLANA;33;N_PRECIPITACION;LNE;Limites a Nivel de Estacion;3;MENSUAL HORARIO;126;MAYO;16:00:00;0;0;0;0.3;NOTA TECNICA N2 y N3;
SI_2OR;SIERRA CENTRO ORIENTAL;472DF5D6;HUAYTAPALLANA;33;N_PRECIPITACION;LNE;Limites a Nivel de Estacion;3;MENSUAL HORARIO;127;MAYO;17:00:00;0;0;0;0.7;NOTA TECNICA N2 y N3;
SI_2OR;SIERRA CENTRO ORIENTAL;472DF5D6;HUAYTAPALLANA;33;N_PRECIPITACION;LNE;Limites a Nivel de Estacion;3;MENSUAL HORARIO;128;MAYO;18:00:00;0;0;0;0.3;NOTA TECNICA N2 y N3;
SI_2OR;SIERRA CENTRO ORIENTAL;472DF5D6;HUAYTAPALLANA;33;N_PRECIPITACION;LNE;Limites a Nivel de Estacion;3;MENSUAL HORARIO;129;MAYO;19:00:00;0;0;0;0.4;NOTA TECNICA N2 y N3;
SI_2OR;SIERRA CENTRO ORIENTAL;472DF5D6;HUAYTAPALLANA;33;N_PRECIPITACION;LNE;Limites a Nivel de Estacion;3;MENSUAL HORARIO;130;MAYO;20:00:00;0;0;0;1.5;NOTA TECNICA N2 y N3;
SI_2OR;SIERRA CENTRO ORIENTAL;472DF5D6;HUAYTAPALLANA;33;N_PRECIPITACION;LNE;Limites a Nivel de Estacion;3;MENSUAL HORARIO;131;MAYO;21:00:00;0;0;0;1;NOTA TECNICA N2 y N3;
SI_2OR;SIERRA CENTRO ORIENTAL;472DF5D6;HUAYTAPALLANA;33;N_PRECIPITACION;LNE;Limites a Nivel de Estacion;3;MENSUAL HORARIO;132;MAYO;22:00:00;0;0;0;0.3;NOTA TECNICA N2 y N3;
SI_2OR;SIERRA CENTRO ORIENTAL;472DF5D6;HUAYTAPALLANA;33;N_PRECIPITACION;LNE;Limites a Nivel de Estacion;3;MENSUAL HORARIO;133;MAYO;23:00:00;0;0;0;0.2;NOTA TECNICA N2 y N3;
SI_2OR;SIERRA CENTRO ORIENTAL;472DF5D6;HUAYTAPALLANA;33;N_PRECIPITACION;LNE;Limites a Nivel de Estacion;3;MENSUAL HORARIO;134;JUNIO;0:00:00;0;0;0;0;NOTA TECNICA N2 y N3;
SI_2OR;SIERRA CENTRO ORIENTAL;472DF5D6;HUAYTAPALLANA;33;N_PRECIPITACION;LNE;Limites a Nivel de Estacion;3;MENSUAL HORARIO;135;JUNIO;1:00:00;0;0;0;0;NOTA TECNICA N2 y N3;
SI_2OR;SIERRA CENTRO ORIENTAL;472DF5D6;HUAYTAPALLANA;33;N_PRECIPITACION;LNE;Limites a Nivel de Estacion;3;MENSUAL HORARIO;136;JUNIO;2:00:00;0;0;0;0;NOTA TECNICA N2 y N3;
SI_2OR;SIERRA CENTRO ORIENTAL;472DF5D6;HUAYTAPALLANA;33;N_PRECIPITACION;LNE;Limites a Nivel de Estacion;3;MENSUAL HORARIO;137;JUNIO;3:00:00;0;0;0;0;NOTA TECNICA N2 y N3;
SI_2OR;SIERRA CENTRO ORIENTAL;472DF5D6;HUAYTAPALLANA;33;N_PRECIPITACION;LNE;Limites a Nivel de Estacion;3;MENSUAL HORARIO;138;JUNIO;4:00:00;0;0;0;0;NOTA TECNICA N2 y N3;
SI_2OR;SIERRA CENTRO ORIENTAL;472DF5D6;HUAYTAPALLANA;33;N_PRECIPITACION;LNE;Limites a Nivel de Estacion;3;MENSUAL HORARIO;139;JUNIO;5:00:00;0;0;0;0;NOTA TECNICA N2 y N3;
SI_2OR;SIERRA CENTRO ORIENTAL;472DF5D6;HUAYTAPALLANA;33;N_PRECIPITACION;LNE;Limites a Nivel de Estacion;3;MENSUAL HORARIO;140;JUNIO;6:00:00;0;0;0;0;NOTA TECNICA N2 y N3;
SI_2OR;SIERRA CENTRO ORIENTAL;472DF5D6;HUAYTAPALLANA;33;N_PRECIPITACION;LNE;Limites a Nivel de Estacion;3;MENSUAL HORARIO;141;JUNIO;7:00:00;0;0;0;0;NOTA TECNICA N2 y N3;
SI_2OR;SIERRA CENTRO ORIENTAL;472DF5D6;HUAYTAPALLANA;33;N_PRECIPITACION;LNE;Limites a Nivel de Estacion;3;MENSUAL HORARIO;142;JUNIO;8:00:00;0;0;0;0;NOTA TECNICA N2 y N3;
SI_2OR;SIERRA CENTRO ORIENTAL;472DF5D6;HUAYTAPALLANA;33;N_PRECIPITACION;LNE;Limites a Nivel de Estacion;3;MENSUAL HORARIO;143;JUNIO;9:00:00;0;0;0;0;NOTA TECNICA N2 y N3;
SI_2OR;SIERRA CENTRO ORIENTAL;472DF5D6;HUAYTAPALLANA;33;N_PRECIPITACION;LNE;Limites a Nivel de Estacion;3;MENSUAL HORARIO;144;JUNIO;10:00:00;0;0;0;0;NOTA TECNICA N2 y N3;
SI_2OR;SIERRA CENTRO ORIENTAL;472DF5D6;HUAYTAPALLANA;33;N_PRECIPITACION;LNE;Limites a Nivel de Estacion;3;MENSUAL HORARIO;145;JUNIO;11:00:00;0;0;0;0;NOTA TECNICA N2 y N3;
SI_2OR;SIERRA CENTRO ORIENTAL;472DF5D6;HUAYTAPALLANA;33;N_PRECIPITACION;LNE;Limites a Nivel de Estacion;3;MENSUAL HORARIO;146;JUNIO;12:00:00;0;0;0;0;NOTA TECNICA N2 y N3;
SI_2OR;SIERRA CENTRO ORIENTAL;472DF5D6;HUAYTAPALLANA;33;N_PRECIPITACION;LNE;Limites a Nivel de Estacion;3;MENSUAL HORARIO;147;JUNIO;13:00:00;0;0;0;0;NOTA TECNICA N2 y N3;
SI_2OR;SIERRA CENTRO ORIENTAL;472DF5D6;HUAYTAPALLANA;33;N_PRECIPITACION;LNE;Limites a Nivel de Estacion;3;MENSUAL HORARIO;148;JUNIO;14:00:00;0;0;0;0;NOTA TECNICA N2 y N3;
SI_2OR;SIERRA CENTRO ORIENTAL;472DF5D6;HUAYTAPALLANA;33;N_PRECIPITACION;LNE;Limites a Nivel de Estacion;3;MENSUAL HORARIO;149;JUNIO;15:00:00;0;0;0;0;NOTA TECNICA N2 y N3;
SI_2OR;SIERRA CENTRO ORIENTAL;472DF5D6;HUAYTAPALLANA;33;N_PRECIPITACION;LNE;Limites a Nivel de Estacion;3;MENSUAL HORARIO;150;JUNIO;16:00:00;0;0;0;0.3;NOTA TECNICA N2 y N3;
SI_2OR;SIERRA CENTRO ORIENTAL;472DF5D6;HUAYTAPALLANA;33;N_PRECIPITACION;LNE;Limites a Nivel de Estacion;3;MENSUAL HORARIO;151;JUNIO;17:00:00;0;0;0;0.2;NOTA TECNICA N2 y N3;
SI_2OR;SIERRA CENTRO ORIENTAL;472DF5D6;HUAYTAPALLANA;33;N_PRECIPITACION;LNE;Limites a Nivel de Estacion;3;MENSUAL HORARIO;152;JUNIO;18:00:00;0;0;0;0.4;NOTA TECNICA N2 y N3;
SI_2OR;SIERRA CENTRO ORIENTAL;472DF5D6;HUAYTAPALLANA;33;N_PRECIPITACION;LNE;Limites a Nivel de Estacion;3;MENSUAL HORARIO;153;JUNIO;19:00:00;0;0;0;0.2;NOTA TECNICA N2 y N3;
SI_2OR;SIERRA CENTRO ORIENTAL;472DF5D6;HUAYTAPALLANA;33;N_PRECIPITACION;LNE;Limites a Nivel de Estacion;3;MENSUAL HORARIO;154;JUNIO;20:00:00;0;0;0;0.1;NOTA TECNICA N2 y N3;
SI_2OR;SIERRA CENTRO ORIENTAL;472DF5D6;HUAYTAPALLANA;33;N_PRECIPITACION;LNE;Limites a Nivel de Estacion;3;MENSUAL HORARIO;155;JUNIO;21:00:00;0;0;0;0;NOTA TECNICA N2 y N3;
SI_2OR;SIERRA CENTRO ORIENTAL;472DF5D6;HUAYTAPALLANA;33;N_PRECIPITACION;LNE;Limites a Nivel de Estacion;3;MENSUAL HORARIO;156;JUNIO;22:00:00;0;0;0;0;NOTA TECNICA N2 y N3;
SI_2OR;SIERRA CENTRO ORIENTAL;472DF5D6;HUAYTAPALLANA;33;N_PRECIPITACION;LNE;Limites a Nivel de Estacion;3;MENSUAL HORARIO;157;JUNIO;23:00:00;0;0;0;0;NOTA TECNICA N2 y N3;
SI_2OR;SIERRA CENTRO ORIENTAL;472DF5D6;HUAYTAPALLANA;33;N_PRECIPITACION;LNE;Limites a Nivel de Estacion;3;MENSUAL HORARIO;158;JULIO;0:00:00;0;0;0;0;NOTA TECNICA N2 y N3;
SI_2OR;SIERRA CENTRO ORIENTAL;472DF5D6;HUAYTAPALLANA;33;N_PRECIPITACION;LNE;Limites a Nivel de Estacion;3;MENSUAL HORARIO;159;JULIO;1:00:00;0;0;0;0;NOTA TECNICA N2 y N3;
SI_2OR;SIERRA CENTRO ORIENTAL;472DF5D6;HUAYTAPALLANA;33;N_PRECIPITACION;LNE;Limites a Nivel de Estacion;3;MENSUAL HORARIO;160;JULIO;2:00:00;0;0;0;0;NOTA TECNICA N2 y N3;
SI_2OR;SIERRA CENTRO ORIENTAL;472DF5D6;HUAYTAPALLANA;33;N_PRECIPITACION;LNE;Limites a Nivel de Estacion;3;MENSUAL HORARIO;161;JULIO;3:00:00;0;0;0;0;NOTA TECNICA N2 y N3;
SI_2OR;SIERRA CENTRO ORIENTAL;472DF5D6;HUAYTAPALLANA;33;N_PRECIPITACION;LNE;Limites a Nivel de Estacion;3;MENSUAL HORARIO;162;JULIO;4:00:00;0;0;0;0;NOTA TECNICA N2 y N3;
SI_2OR;SIERRA CENTRO ORIENTAL;472DF5D6;HUAYTAPALLANA;33;N_PRECIPITACION;LNE;Limites a Nivel de Estacion;3;MENSUAL HORARIO;163;JULIO;5:00:00;0;0;0;0;NOTA TECNICA N2 y N3;
SI_2OR;SIERRA CENTRO ORIENTAL;472DF5D6;HUAYTAPALLANA;33;N_PRECIPITACION;LNE;Limites a Nivel de Estacion;3;MENSUAL HORARIO;164;JULIO;6:00:00;0;0;0;0;NOTA TECNICA N2 y N3;
SI_2OR;SIERRA CENTRO ORIENTAL;472DF5D6;HUAYTAPALLANA;33;N_PRECIPITACION;LNE;Limites a Nivel de Estacion;3;MENSUAL HORARIO;165;JULIO;7:00:00;0;0;0;0.1;NOTA TECNICA N2 y N3;
SI_2OR;SIERRA CENTRO ORIENTAL;472DF5D6;HUAYTAPALLANA;33;N_PRECIPITACION;LNE;Limites a Nivel de Estacion;3;MENSUAL HORARIO;166;JULIO;8:00:00;0;0;0;0;NOTA TECNICA N2 y N3;
SI_2OR;SIERRA CENTRO ORIENTAL;472DF5D6;HUAYTAPALLANA;33;N_PRECIPITACION;LNE;Limites a Nivel de Estacion;3;MENSUAL HORARIO;167;JULIO;9:00:00;0;0;0;0;NOTA TECNICA N2 y N3;
SI_2OR;SIERRA CENTRO ORIENTAL;472DF5D6;HUAYTAPALLANA;33;N_PRECIPITACION;LNE;Limites a Nivel de Estacion;3;MENSUAL HORARIO;168;JULIO;10:00:00;0;0;0;0;NOTA TECNICA N2 y N3;
SI_2OR;SIERRA CENTRO ORIENTAL;472DF5D6;HUAYTAPALLANA;33;N_PRECIPITACION;LNE;Limites a Nivel de Estacion;3;MENSUAL HORARIO;169;JULIO;11:00:00;0;0;0;0;NOTA TECNICA N2 y N3;
SI_2OR;SIERRA CENTRO ORIENTAL;472DF5D6;HUAYTAPALLANA;33;N_PRECIPITACION;LNE;Limites a Nivel de Estacion;3;MENSUAL HORARIO;170;JULIO;12:00:00;0;0;0;0;NOTA TECNICA N2 y N3;
SI_2OR;SIERRA CENTRO ORIENTAL;472DF5D6;HUAYTAPALLANA;33;N_PRECIPITACION;LNE;Limites a Nivel de Estacion;3;MENSUAL HORARIO;171;JULIO;13:00:00;0;0;0;0;NOTA TECNICA N2 y N3;
SI_2OR;SIERRA CENTRO ORIENTAL;472DF5D6;HUAYTAPALLANA;33;N_PRECIPITACION;LNE;Limites a Nivel de Estacion;3;MENSUAL HORARIO;172;JULIO;14:00:00;0;0;0;0;NOTA TECNICA N2 y N3;
SI_2OR;SIERRA CENTRO ORIENTAL;472DF5D6;HUAYTAPALLANA;33;N_PRECIPITACION;LNE;Limites a Nivel de Estacion;3;MENSUAL HORARIO;173;JULIO;15:00:00;0;0;0;0.1;NOTA TECNICA N2 y N3;
SI_2OR;SIERRA CENTRO ORIENTAL;472DF5D6;HUAYTAPALLANA;33;N_PRECIPITACION;LNE;Limites a Nivel de Estacion;3;MENSUAL HORARIO;174;JULIO;16:00:00;0;0;0;0.3;NOTA TECNICA N2 y N3;
SI_2OR;SIERRA CENTRO ORIENTAL;472DF5D6;HUAYTAPALLANA;33;N_PRECIPITACION;LNE;Limites a Nivel de Estacion;3;MENSUAL HORARIO;175;JULIO;17:00:00;0;0;0;0.1;NOTA TECNICA N2 y N3;
SI_2OR;SIERRA CENTRO ORIENTAL;472DF5D6;HUAYTAPALLANA;33;N_PRECIPITACION;LNE;Limites a Nivel de Estacion;3;MENSUAL HORARIO;176;JULIO;18:00:00;0;0;0;0.1;NOTA TECNICA N2 y N3;
SI_2OR;SIERRA CENTRO ORIENTAL;472DF5D6;HUAYTAPALLANA;33;N_PRECIPITACION;LNE;Limites a Nivel de Estacion;3;MENSUAL HORARIO;177;JULIO;19:00:00;0;0;0;0.2;NOTA TECNICA N2 y N3;
SI_2OR;SIERRA CENTRO ORIENTAL;472DF5D6;HUAYTAPALLANA;33;N_PRECIPITACION;LNE;Limites a Nivel de Estacion;3;MENSUAL HORARIO;178;JULIO;20:00:00;0;0;0;0.1;NOTA TECNICA N2 y N3;
SI_2OR;SIERRA CENTRO ORIENTAL;472DF5D6;HUAYTAPALLANA;33;N_PRECIPITACION;LNE;Limites a Nivel de Estacion;3;MENSUAL HORARIO;179;JULIO;21:00:00;0;0;0;0.1;NOTA TECNICA N2 y N3;
SI_2OR;SIERRA CENTRO ORIENTAL;472DF5D6;HUAYTAPALLANA;33;N_PRECIPITACION;LNE;Limites a Nivel de Estacion;3;MENSUAL HORARIO;180;JULIO;22:00:00;0;0;0;0;NOTA TECNICA N2 y N3;
SI_2OR;SIERRA CENTRO ORIENTAL;472DF5D6;HUAYTAPALLANA;33;N_PRECIPITACION;LNE;Limites a Nivel de Estacion;3;MENSUAL HORARIO;181;JULIO;23:00:00;0;0;0;0;NOTA TECNICA N2 y N3;
SI_2OR;SIERRA CENTRO ORIENTAL;472DF5D6;HUAYTAPALLANA;33;N_PRECIPITACION;LNE;Limites a Nivel de Estacion;3;MENSUAL HORARIO;182;AGOSTO;0:00:00;0;0;0;0.2;NOTA TECNICA N2 y N3;
SI_2OR;SIERRA CENTRO ORIENTAL;472DF5D6;HUAYTAPALLANA;33;N_PRECIPITACION;LNE;Limites a Nivel de Estacion;3;MENSUAL HORARIO;183;AGOSTO;1:00:00;0;0;0;0.1;NOTA TECNICA N2 y N3;
SI_2OR;SIERRA CENTRO ORIENTAL;472DF5D6;HUAYTAPALLANA;33;N_PRECIPITACION;LNE;Limites a Nivel de Estacion;3;MENSUAL HORARIO;184;AGOSTO;2:00:00;0;0;0;0.1;NOTA TECNICA N2 y N3;
SI_2OR;SIERRA CENTRO ORIENTAL;472DF5D6;HUAYTAPALLANA;33;N_PRECIPITACION;LNE;Limites a Nivel de Estacion;3;MENSUAL HORARIO;185;AGOSTO;3:00:00;0;0;0;0.1;NOTA TECNICA N2 y N3;
SI_2OR;SIERRA CENTRO ORIENTAL;472DF5D6;HUAYTAPALLANA;33;N_PRECIPITACION;LNE;Limites a Nivel de Estacion;3;MENSUAL HORARIO;186;AGOSTO;4:00:00;0;0;0;0;NOTA TECNICA N2 y N3;
SI_2OR;SIERRA CENTRO ORIENTAL;472DF5D6;HUAYTAPALLANA;33;N_PRECIPITACION;LNE;Limites a Nivel de Estacion;3;MENSUAL HORARIO;187;AGOSTO;5:00:00;0;0;0;0;NOTA TECNICA N2 y N3;
SI_2OR;SIERRA CENTRO ORIENTAL;472DF5D6;HUAYTAPALLANA;33;N_PRECIPITACION;LNE;Limites a Nivel de Estacion;3;MENSUAL HORARIO;188;AGOSTO;6:00:00;0;0;0;0;NOTA TECNICA N2 y N3;
SI_2OR;SIERRA CENTRO ORIENTAL;472DF5D6;HUAYTAPALLANA;33;N_PRECIPITACION;LNE;Limites a Nivel de Estacion;3;MENSUAL HORARIO;189;AGOSTO;7:00:00;0;0;0;0.1;NOTA TECNICA N2 y N3;
SI_2OR;SIERRA CENTRO ORIENTAL;472DF5D6;HUAYTAPALLANA;33;N_PRECIPITACION;LNE;Limites a Nivel de Estacion;3;MENSUAL HORARIO;190;AGOSTO;8:00:00;0;0;0;0;NOTA TECNICA N2 y N3;
SI_2OR;SIERRA CENTRO ORIENTAL;472DF5D6;HUAYTAPALLANA;33;N_PRECIPITACION;LNE;Limites a Nivel de Estacion;3;MENSUAL HORARIO;191;AGOSTO;9:00:00;0;0;0;0;NOTA TECNICA N2 y N3;
SI_2OR;SIERRA CENTRO ORIENTAL;472DF5D6;HUAYTAPALLANA;33;N_PRECIPITACION;LNE;Limites a Nivel de Estacion;3;MENSUAL HORARIO;192;AGOSTO;10:00:00;0;0;0;0.1;NOTA TECNICA N2 y N3;
SI_2OR;SIERRA CENTRO ORIENTAL;472DF5D6;HUAYTAPALLANA;33;N_PRECIPITACION;LNE;Limites a Nivel de Estacion;3;MENSUAL HORARIO;193;AGOSTO;11:00:00;0;0;0;0;NOTA TECNICA N2 y N3;
SI_2OR;SIERRA CENTRO ORIENTAL;472DF5D6;HUAYTAPALLANA;33;N_PRECIPITACION;LNE;Limites a Nivel de Estacion;3;MENSUAL HORARIO;194;AGOSTO;12:00:00;0;0;0;0;NOTA TECNICA N2 y N3;
SI_2OR;SIERRA CENTRO ORIENTAL;472DF5D6;HUAYTAPALLANA;33;N_PRECIPITACION;LNE;Limites a Nivel de Estacion;3;MENSUAL HORARIO;195;AGOSTO;13:00:00;0;0;0;0;NOTA TECNICA N2 y N3;
SI_2OR;SIERRA CENTRO ORIENTAL;472DF5D6;HUAYTAPALLANA;33;N_PRECIPITACION;LNE;Limites a Nivel de Estacion;3;MENSUAL HORARIO;196;AGOSTO;14:00:00;0;0;0;0;NOTA TECNICA N2 y N3;
SI_2OR;SIERRA CENTRO ORIENTAL;472DF5D6;HUAYTAPALLANA;33;N_PRECIPITACION;LNE;Limites a Nivel de Estacion;3;MENSUAL HORARIO;197;AGOSTO;15:00:00;0;0;0;0.1;NOTA TECNICA N2 y N3;
SI_2OR;SIERRA CENTRO ORIENTAL;472DF5D6;HUAYTAPALLANA;33;N_PRECIPITACION;LNE;Limites a Nivel de Estacion;3;MENSUAL HORARIO;198;AGOSTO;16:00:00;0;0;0;0.2;NOTA TECNICA N2 y N3;
SI_2OR;SIERRA CENTRO ORIENTAL;472DF5D6;HUAYTAPALLANA;33;N_PRECIPITACION;LNE;Limites a Nivel de Estacion;3;MENSUAL HORARIO;199;AGOSTO;17:00:00;0;0;0;0.6;NOTA TECNICA N2 y N3;
SI_2OR;SIERRA CENTRO ORIENTAL;472DF5D6;HUAYTAPALLANA;33;N_PRECIPITACION;LNE;Limites a Nivel de Estacion;3;MENSUAL HORARIO;200;AGOSTO;18:00:00;0;0;0;1.4;NOTA TECNICA N2 y N3;
SI_2OR;SIERRA CENTRO ORIENTAL;472DF5D6;HUAYTAPALLANA;33;N_PRECIPITACION;LNE;Limites a Nivel de Estacion;3;MENSUAL HORARIO;201;AGOSTO;19:00:00;0;0;0;0.4;NOTA TECNICA N2 y N3;
SI_2OR;SIERRA CENTRO ORIENTAL;472DF5D6;HUAYTAPALLANA;33;N_PRECIPITACION;LNE;Limites a Nivel de Estacion;3;MENSUAL HORARIO;202;AGOSTO;20:00:00;0;0;0;0.3;NOTA TECNICA N2 y N3;
SI_2OR;SIERRA CENTRO ORIENTAL;472DF5D6;HUAYTAPALLANA;33;N_PRECIPITACION;LNE;Limites a Nivel de Estacion;3;MENSUAL HORARIO;203;AGOSTO;21:00:00;0;0;0;0.1;NOTA TECNICA N2 y N3;
SI_2OR;SIERRA CENTRO ORIENTAL;472DF5D6;HUAYTAPALLANA;33;N_PRECIPITACION;LNE;Limites a Nivel de Estacion;3;MENSUAL HORARIO;204;AGOSTO;22:00:00;0;0;0;0.1;NOTA TECNICA N2 y N3;
SI_2OR;SIERRA CENTRO ORIENTAL;472DF5D6;HUAYTAPALLANA;33;N_PRECIPITACION;LNE;Limites a Nivel de Estacion;3;MENSUAL HORARIO;205;AGOSTO;23:00:00;0;0;0;0.2;NOTA TECNICA N2 y N3;
SI_2OR;SIERRA CENTRO ORIENTAL;472DF5D6;HUAYTAPALLANA;33;N_PRECIPITACION;LNE;Limites a Nivel de Estacion;3;MENSUAL HORARIO;206;SETIEMBRE;0:00:00;0;0;0;0.1;NOTA TECNICA N2 y N3;
SI_2OR;SIERRA CENTRO ORIENTAL;472DF5D6;HUAYTAPALLANA;33;N_PRECIPITACION;LNE;Limites a Nivel de Estacion;3;MENSUAL HORARIO;207;SETIEMBRE;1:00:00;0;0;0;0.1;NOTA TECNICA N2 y N3;
SI_2OR;SIERRA CENTRO ORIENTAL;472DF5D6;HUAYTAPALLANA;33;N_PRECIPITACION;LNE;Limites a Nivel de Estacion;3;MENSUAL HORARIO;208;SETIEMBRE;2:00:00;0;0;0;0.1;NOTA TECNICA N2 y N3;
SI_2OR;SIERRA CENTRO ORIENTAL;472DF5D6;HUAYTAPALLANA;33;N_PRECIPITACION;LNE;Limites a Nivel de Estacion;3;MENSUAL HORARIO;209;SETIEMBRE;3:00:00;0;0;0;0.1;NOTA TECNICA N2 y N3;
SI_2OR;SIERRA CENTRO ORIENTAL;472DF5D6;HUAYTAPALLANA;33;N_PRECIPITACION;LNE;Limites a Nivel de Estacion;3;MENSUAL HORARIO;210;SETIEMBRE;4:00:00;0;0;0;0;NOTA TECNICA N2 y N3;
SI_2OR;SIERRA CENTRO ORIENTAL;472DF5D6;HUAYTAPALLANA;33;N_PRECIPITACION;LNE;Limites a Nivel de Estacion;3;MENSUAL HORARIO;211;SETIEMBRE;5:00:00;0;0;0;0;NOTA TECNICA N2 y N3;
SI_2OR;SIERRA CENTRO ORIENTAL;472DF5D6;HUAYTAPALLANA;33;N_PRECIPITACION;LNE;Limites a Nivel de Estacion;3;MENSUAL HORARIO;212;SETIEMBRE;6:00:00;0;0;0;0;NOTA TECNICA N2 y N3;
SI_2OR;SIERRA CENTRO ORIENTAL;472DF5D6;HUAYTAPALLANA;33;N_PRECIPITACION;LNE;Limites a Nivel de Estacion;3;MENSUAL HORARIO;213;SETIEMBRE;7:00:00;0;0;0;0.1;NOTA TECNICA N2 y N3;
SI_2OR;SIERRA CENTRO ORIENTAL;472DF5D6;HUAYTAPALLANA;33;N_PRECIPITACION;LNE;Limites a Nivel de Estacion;3;MENSUAL HORARIO;214;SETIEMBRE;8:00:00;0;0;0;0.1;NOTA TECNICA N2 y N3;
SI_2OR;SIERRA CENTRO ORIENTAL;472DF5D6;HUAYTAPALLANA;33;N_PRECIPITACION;LNE;Limites a Nivel de Estacion;3;MENSUAL HORARIO;215;SETIEMBRE;9:00:00;0;0;0;0;NOTA TECNICA N2 y N3;
SI_2OR;SIERRA CENTRO ORIENTAL;472DF5D6;HUAYTAPALLANA;33;N_PRECIPITACION;LNE;Limites a Nivel de Estacion;3;MENSUAL HORARIO;216;SETIEMBRE;10:00:00;0;0;0;0;NOTA TECNICA N2 y N3;
SI_2OR;SIERRA CENTRO ORIENTAL;472DF5D6;HUAYTAPALLANA;33;N_PRECIPITACION;LNE;Limites a Nivel de Estacion;3;MENSUAL HORARIO;217;SETIEMBRE;11:00:00;0;0;0;0.1;NOTA TECNICA N2 y N3;
SI_2OR;SIERRA CENTRO ORIENTAL;472DF5D6;HUAYTAPALLANA;33;N_PRECIPITACION;LNE;Limites a Nivel de Estacion;3;MENSUAL HORARIO;218;SETIEMBRE;12:00:00;0;0;0;0;NOTA TECNICA N2 y N3;
SI_2OR;SIERRA CENTRO ORIENTAL;472DF5D6;HUAYTAPALLANA;33;N_PRECIPITACION;LNE;Limites a Nivel de Estacion;3;MENSUAL HORARIO;219;SETIEMBRE;13:00:00;0;0;0;0.2;NOTA TECNICA N2 y N3;
SI_2OR;SIERRA CENTRO ORIENTAL;472DF5D6;HUAYTAPALLANA;33;N_PRECIPITACION;LNE;Limites a Nivel de Estacion;3;MENSUAL HORARIO;220;SETIEMBRE;14:00:00;0;0;0;0.5;NOTA TECNICA N2 y N3;
SI_2OR;SIERRA CENTRO ORIENTAL;472DF5D6;HUAYTAPALLANA;33;N_PRECIPITACION;LNE;Limites a Nivel de Estacion;3;MENSUAL HORARIO;221;SETIEMBRE;15:00:00;0;0;0;0.8;NOTA TECNICA N2 y N3;
SI_2OR;SIERRA CENTRO ORIENTAL;472DF5D6;HUAYTAPALLANA;33;N_PRECIPITACION;LNE;Limites a Nivel de Estacion;3;MENSUAL HORARIO;222;SETIEMBRE;16:00:00;0;0;0.1;1.4;NOTA TECNICA N2 y N3;
SI_2OR;SIERRA CENTRO ORIENTAL;472DF5D6;HUAYTAPALLANA;33;N_PRECIPITACION;LNE;Limites a Nivel de Estacion;3;MENSUAL HORARIO;223;SETIEMBRE;17:00:00;0;0;0.1;1.1;NOTA TECNICA N2 y N3;
SI_2OR;SIERRA CENTRO ORIENTAL;472DF5D6;HUAYTAPALLANA;33;N_PRECIPITACION;LNE;Limites a Nivel de Estacion;3;MENSUAL HORARIO;224;SETIEMBRE;18:00:00;0;0;0.5;1.8;NOTA TECNICA N2 y N3;
SI_2OR;SIERRA CENTRO ORIENTAL;472DF5D6;HUAYTAPALLANA;33;N_PRECIPITACION;LNE;Limites a Nivel de Estacion;3;MENSUAL HORARIO;225;SETIEMBRE;19:00:00;0;0;0.3;2;NOTA TECNICA N2 y N3;
SI_2OR;SIERRA CENTRO ORIENTAL;472DF5D6;HUAYTAPALLANA;33;N_PRECIPITACION;LNE;Limites a Nivel de Estacion;3;MENSUAL HORARIO;226;SETIEMBRE;20:00:00;0;0;0.1;1.2;NOTA TECNICA N2 y N3;
SI_2OR;SIERRA CENTRO ORIENTAL;472DF5D6;HUAYTAPALLANA;33;N_PRECIPITACION;LNE;Limites a Nivel de Estacion;3;MENSUAL HORARIO;227;SETIEMBRE;21:00:00;0;0;0;0.7;NOTA TECNICA N2 y N3;
SI_2OR;SIERRA CENTRO ORIENTAL;472DF5D6;HUAYTAPALLANA;33;N_PRECIPITACION;LNE;Limites a Nivel de Estacion;3;MENSUAL HORARIO;228;SETIEMBRE;22:00:00;0;0;0;0.1;NOTA TECNICA N2 y N3;
SI_2OR;SIERRA CENTRO ORIENTAL;472DF5D6;HUAYTAPALLANA;33;N_PRECIPITACION;LNE;Limites a Nivel de Estacion;3;MENSUAL HORARIO;229;SETIEMBRE;23:00:00;0;0;0;0.1;NOTA TECNICA N2 y N3;
SI_2OR;SIERRA CENTRO ORIENTAL;472DF5D6;HUAYTAPALLANA;33;N_PRECIPITACION;LNE;Limites a Nivel de Estacion;3;MENSUAL HORARIO;230;OCTUBRE;0:00:00;0;0;0;0.7;NOTA TECNICA N2 y N3;
SI_2OR;SIERRA CENTRO ORIENTAL;472DF5D6;HUAYTAPALLANA;33;N_PRECIPITACION;LNE;Limites a Nivel de Estacion;3;MENSUAL HORARIO;231;OCTUBRE;1:00:00;0;0;0;0.3;NOTA TECNICA N2 y N3;
SI_2OR;SIERRA CENTRO ORIENTAL;472DF5D6;HUAYTAPALLANA;33;N_PRECIPITACION;LNE;Limites a Nivel de Estacion;3;MENSUAL HORARIO;232;OCTUBRE;2:00:00;0;0;0;0.3;NOTA TECNICA N2 y N3;
SI_2OR;SIERRA CENTRO ORIENTAL;472DF5D6;HUAYTAPALLANA;33;N_PRECIPITACION;LNE;Limites a Nivel de Estacion;3;MENSUAL HORARIO;233;OCTUBRE;3:00:00;0;0;0;0.2;NOTA TECNICA N2 y N3;
SI_2OR;SIERRA CENTRO ORIENTAL;472DF5D6;HUAYTAPALLANA;33;N_PRECIPITACION;LNE;Limites a Nivel de Estacion;3;MENSUAL HORARIO;234;OCTUBRE;4:00:00;0;0;0;0.1;NOTA TECNICA N2 y N3;
SI_2OR;SIERRA CENTRO ORIENTAL;472DF5D6;HUAYTAPALLANA;33;N_PRECIPITACION;LNE;Limites a Nivel de Estacion;3;MENSUAL HORARIO;235;OCTUBRE;5:00:00;0;0;0;0.1;NOTA TECNICA N2 y N3;
SI_2OR;SIERRA CENTRO ORIENTAL;472DF5D6;HUAYTAPALLANA;33;N_PRECIPITACION;LNE;Limites a Nivel de Estacion;3;MENSUAL HORARIO;236;OCTUBRE;6:00:00;0;0;0;0;NOTA TECNICA N2 y N3;
SI_2OR;SIERRA CENTRO ORIENTAL;472DF5D6;HUAYTAPALLANA;33;N_PRECIPITACION;LNE;Limites a Nivel de Estacion;3;MENSUAL HORARIO;237;OCTUBRE;7:00:00;0;0;0;0.1;NOTA TECNICA N2 y N3;
SI_2OR;SIERRA CENTRO ORIENTAL;472DF5D6;HUAYTAPALLANA;33;N_PRECIPITACION;LNE;Limites a Nivel de Estacion;3;MENSUAL HORARIO;238;OCTUBRE;8:00:00;0;0;0;0.1;NOTA TECNICA N2 y N3;
SI_2OR;SIERRA CENTRO ORIENTAL;472DF5D6;HUAYTAPALLANA;33;N_PRECIPITACION;LNE;Limites a Nivel de Estacion;3;MENSUAL HORARIO;239;OCTUBRE;9:00:00;0;0;0;0.1;NOTA TECNICA N2 y N3;
SI_2OR;SIERRA CENTRO ORIENTAL;472DF5D6;HUAYTAPALLANA;33;N_PRECIPITACION;LNE;Limites a Nivel de Estacion;3;MENSUAL HORARIO;240;OCTUBRE;10:00:00;0;0;0;0;NOTA TECNICA N2 y N3;
SI_2OR;SIERRA CENTRO ORIENTAL;472DF5D6;HUAYTAPALLANA;33;N_PRECIPITACION;LNE;Limites a Nivel de Estacion;3;MENSUAL HORARIO;241;OCTUBRE;11:00:00;0;0;0;0.2;NOTA TECNICA N2 y N3;
SI_2OR;SIERRA CENTRO ORIENTAL;472DF5D6;HUAYTAPALLANA;33;N_PRECIPITACION;LNE;Limites a Nivel de Estacion;3;MENSUAL HORARIO;242;OCTUBRE;12:00:00;0;0;0;0;NOTA TECNICA N2 y N3;
SI_2OR;SIERRA CENTRO ORIENTAL;472DF5D6;HUAYTAPALLANA;33;N_PRECIPITACION;LNE;Limites a Nivel de Estacion;3;MENSUAL HORARIO;243;OCTUBRE;13:00:00;0;0;0;0.3;NOTA TECNICA N2 y N3;
SI_2OR;SIERRA CENTRO ORIENTAL;472DF5D6;HUAYTAPALLANA;33;N_PRECIPITACION;LNE;Limites a Nivel de Estacion;3;MENSUAL HORARIO;244;OCTUBRE;14:00:00;0;0;0.1;0.6;NOTA TECNICA N2 y N3;
SI_2OR;SIERRA CENTRO ORIENTAL;472DF5D6;HUAYTAPALLANA;33;N_PRECIPITACION;LNE;Limites a Nivel de Estacion;3;MENSUAL HORARIO;245;OCTUBRE;15:00:00;0;0;0.2;1.3;NOTA TECNICA N2 y N3;
SI_2OR;SIERRA CENTRO ORIENTAL;472DF5D6;HUAYTAPALLANA;33;N_PRECIPITACION;LNE;Limites a Nivel de Estacion;3;MENSUAL HORARIO;246;OCTUBRE;16:00:00;0;0;0.4;3.1;NOTA TECNICA N2 y N3;
SI_2OR;SIERRA CENTRO ORIENTAL;472DF5D6;HUAYTAPALLANA;33;N_PRECIPITACION;LNE;Limites a Nivel de Estacion;3;MENSUAL HORARIO;247;OCTUBRE;17:00:00;0;0;0.8;2.5;NOTA TECNICA N2 y N3;
SI_2OR;SIERRA CENTRO ORIENTAL;472DF5D6;HUAYTAPALLANA;33;N_PRECIPITACION;LNE;Limites a Nivel de Estacion;3;MENSUAL HORARIO;248;OCTUBRE;18:00:00;0;0;0.8;2;NOTA TECNICA N2 y N3;
SI_2OR;SIERRA CENTRO ORIENTAL;472DF5D6;HUAYTAPALLANA;33;N_PRECIPITACION;LNE;Limites a Nivel de Estacion;3;MENSUAL HORARIO;249;OCTUBRE;19:00:00;0;0;0.4;1.6;NOTA TECNICA N2 y N3;
SI_2OR;SIERRA CENTRO ORIENTAL;472DF5D6;HUAYTAPALLANA;33;N_PRECIPITACION;LNE;Limites a Nivel de Estacion;3;MENSUAL HORARIO;250;OCTUBRE;20:00:00;0;0;0.1;1.4;NOTA TECNICA N2 y N3;
SI_2OR;SIERRA CENTRO ORIENTAL;472DF5D6;HUAYTAPALLANA;33;N_PRECIPITACION;LNE;Limites a Nivel de Estacion;3;MENSUAL HORARIO;251;OCTUBRE;21:00:00;0;0;0.1;1.2;NOTA TECNICA N2 y N3;
SI_2OR;SIERRA CENTRO ORIENTAL;472DF5D6;HUAYTAPALLANA;33;N_PRECIPITACION;LNE;Limites a Nivel de Estacion;3;MENSUAL HORARIO;252;OCTUBRE;22:00:00;0;0;0;0.5;NOTA TECNICA N2 y N3;
SI_2OR;SIERRA CENTRO ORIENTAL;472DF5D6;HUAYTAPALLANA;33;N_PRECIPITACION;LNE;Limites a Nivel de Estacion;3;MENSUAL HORARIO;253;OCTUBRE;23:00:00;0;0;0;0.2;NOTA TECNICA N2 y N3;
SI_2OR;SIERRA CENTRO ORIENTAL;472DF5D6;HUAYTAPALLANA;33;N_PRECIPITACION;LNE;Limites a Nivel de Estacion;3;MENSUAL HORARIO;254;NOVIEMBRE;0:00:00;0;0;0;1;NOTA TECNICA N2 y N3;
SI_2OR;SIERRA CENTRO ORIENTAL;472DF5D6;HUAYTAPALLANA;33;N_PRECIPITACION;LNE;Limites a Nivel de Estacion;3;MENSUAL HORARIO;255;NOVIEMBRE;1:00:00;0;0;0;0.3;NOTA TECNICA N2 y N3;
SI_2OR;SIERRA CENTRO ORIENTAL;472DF5D6;HUAYTAPALLANA;33;N_PRECIPITACION;LNE;Limites a Nivel de Estacion;3;MENSUAL HORARIO;256;NOVIEMBRE;2:00:00;0;0;0;0.1;NOTA TECNICA N2 y N3;
SI_2OR;SIERRA CENTRO ORIENTAL;472DF5D6;HUAYTAPALLANA;33;N_PRECIPITACION;LNE;Limites a Nivel de Estacion;3;MENSUAL HORARIO;257;NOVIEMBRE;3:00:00;0;0;0;0.1;NOTA TECNICA N2 y N3;
SI_2OR;SIERRA CENTRO ORIENTAL;472DF5D6;HUAYTAPALLANA;33;N_PRECIPITACION;LNE;Limites a Nivel de Estacion;3;MENSUAL HORARIO;258;NOVIEMBRE;4:00:00;0;0;0;0;NOTA TECNICA N2 y N3;
SI_2OR;SIERRA CENTRO ORIENTAL;472DF5D6;HUAYTAPALLANA;33;N_PRECIPITACION;LNE;Limites a Nivel de Estacion;3;MENSUAL HORARIO;259;NOVIEMBRE;5:00:00;0;0;0;0.1;NOTA TECNICA N2 y N3;
SI_2OR;SIERRA CENTRO ORIENTAL;472DF5D6;HUAYTAPALLANA;33;N_PRECIPITACION;LNE;Limites a Nivel de Estacion;3;MENSUAL HORARIO;260;NOVIEMBRE;6:00:00;0;0;0;0;NOTA TECNICA N2 y N3;
SI_2OR;SIERRA CENTRO ORIENTAL;472DF5D6;HUAYTAPALLANA;33;N_PRECIPITACION;LNE;Limites a Nivel de Estacion;3;MENSUAL HORARIO;261;NOVIEMBRE;7:00:00;0;0;0;0.1;NOTA TECNICA N2 y N3;
SI_2OR;SIERRA CENTRO ORIENTAL;472DF5D6;HUAYTAPALLANA;33;N_PRECIPITACION;LNE;Limites a Nivel de Estacion;3;MENSUAL HORARIO;262;NOVIEMBRE;8:00:00;0;0;0;0.2;NOTA TECNICA N2 y N3;
SI_2OR;SIERRA CENTRO ORIENTAL;472DF5D6;HUAYTAPALLANA;33;N_PRECIPITACION;LNE;Limites a Nivel de Estacion;3;MENSUAL HORARIO;263;NOVIEMBRE;9:00:00;0;0;0;0.1;NOTA TECNICA N2 y N3;
SI_2OR;SIERRA CENTRO ORIENTAL;472DF5D6;HUAYTAPALLANA;33;N_PRECIPITACION;LNE;Limites a Nivel de Estacion;3;MENSUAL HORARIO;264;NOVIEMBRE;10:00:00;0;0;0;0.1;NOTA TECNICA N2 y N3;
SI_2OR;SIERRA CENTRO ORIENTAL;472DF5D6;HUAYTAPALLANA;33;N_PRECIPITACION;LNE;Limites a Nivel de Estacion;3;MENSUAL HORARIO;265;NOVIEMBRE;11:00:00;0;0;0;0.2;NOTA TECNICA N2 y N3;
SI_2OR;SIERRA CENTRO ORIENTAL;472DF5D6;HUAYTAPALLANA;33;N_PRECIPITACION;LNE;Limites a Nivel de Estacion;3;MENSUAL HORARIO;266;NOVIEMBRE;12:00:00;0;0;0;0;NOTA TECNICA N2 y N3;
SI_2OR;SIERRA CENTRO ORIENTAL;472DF5D6;HUAYTAPALLANA;33;N_PRECIPITACION;LNE;Limites a Nivel de Estacion;3;MENSUAL HORARIO;267;NOVIEMBRE;13:00:00;0;0;0.1;0.9;NOTA TECNICA N2 y N3;
SI_2OR;SIERRA CENTRO ORIENTAL;472DF5D6;HUAYTAPALLANA;33;N_PRECIPITACION;LNE;Limites a Nivel de Estacion;3;MENSUAL HORARIO;268;NOVIEMBRE;14:00:00;0;0;0;0.8;NOTA TECNICA N2 y N3;
SI_2OR;SIERRA CENTRO ORIENTAL;472DF5D6;HUAYTAPALLANA;33;N_PRECIPITACION;LNE;Limites a Nivel de Estacion;3;MENSUAL HORARIO;269;NOVIEMBRE;15:00:00;0;0;0.1;1.8;NOTA TECNICA N2 y N3;
SI_2OR;SIERRA CENTRO ORIENTAL;472DF5D6;HUAYTAPALLANA;33;N_PRECIPITACION;LNE;Limites a Nivel de Estacion;3;MENSUAL HORARIO;270;NOVIEMBRE;16:00:00;0;0;0.3;1.7;NOTA TECNICA N2 y N3;
SI_2OR;SIERRA CENTRO ORIENTAL;472DF5D6;HUAYTAPALLANA;33;N_PRECIPITACION;LNE;Limites a Nivel de Estacion;3;MENSUAL HORARIO;271;NOVIEMBRE;17:00:00;0;0;0.4;2.7;NOTA TECNICA N2 y N3;
SI_2OR;SIERRA CENTRO ORIENTAL;472DF5D6;HUAYTAPALLANA;33;N_PRECIPITACION;LNE;Limites a Nivel de Estacion;3;MENSUAL HORARIO;272;NOVIEMBRE;18:00:00;0;0;0.6;2.1;NOTA TECNICA N2 y N3;
SI_2OR;SIERRA CENTRO ORIENTAL;472DF5D6;HUAYTAPALLANA;33;N_PRECIPITACION;LNE;Limites a Nivel de Estacion;3;MENSUAL HORARIO;273;NOVIEMBRE;19:00:00;0;0;0.8;2.9;NOTA TECNICA N2 y N3;
SI_2OR;SIERRA CENTRO ORIENTAL;472DF5D6;HUAYTAPALLANA;33;N_PRECIPITACION;LNE;Limites a Nivel de Estacion;3;MENSUAL HORARIO;274;NOVIEMBRE;20:00:00;0;0;0.3;1.7;NOTA TECNICA N2 y N3;
SI_2OR;SIERRA CENTRO ORIENTAL;472DF5D6;HUAYTAPALLANA;33;N_PRECIPITACION;LNE;Limites a Nivel de Estacion;3;MENSUAL HORARIO;275;NOVIEMBRE;21:00:00;0;0;0;1.2;NOTA TECNICA N2 y N3;
SI_2OR;SIERRA CENTRO ORIENTAL;472DF5D6;HUAYTAPALLANA;33;N_PRECIPITACION;LNE;Limites a Nivel de Estacion;3;MENSUAL HORARIO;276;NOVIEMBRE;22:00:00;0;0;0;3.2;NOTA TECNICA N2 y N3;
SI_2OR;SIERRA CENTRO ORIENTAL;472DF5D6;HUAYTAPALLANA;33;N_PRECIPITACION;LNE;Limites a Nivel de Estacion;3;MENSUAL HORARIO;277;NOVIEMBRE;23:00:00;0;0;0;3.1;NOTA TECNICA N2 y N3;
SI_2OR;SIERRA CENTRO ORIENTAL;472DF5D6;HUAYTAPALLANA;33;N_PRECIPITACION;LNE;Limites a Nivel de Estacion;3;MENSUAL HORARIO;278;DICIEMBRE;0:00:00;0;0;6;8.6;NOTA TECNICA N2 y N3;
SI_2OR;SIERRA CENTRO ORIENTAL;472DF5D6;HUAYTAPALLANA;33;N_PRECIPITACION;LNE;Limites a Nivel de Estacion;3;MENSUAL HORARIO;279;DICIEMBRE;1:00:00;0;0;5.7;7.5;NOTA TECNICA N2 y N3;
SI_2OR;SIERRA CENTRO ORIENTAL;472DF5D6;HUAYTAPALLANA;33;N_PRECIPITACION;LNE;Limites a Nivel de Estacion;3;MENSUAL HORARIO;280;DICIEMBRE;2:00:00;0;0;4.5;7.2;NOTA TECNICA N2 y N3;
SI_2OR;SIERRA CENTRO ORIENTAL;472DF5D6;HUAYTAPALLANA;33;N_PRECIPITACION;LNE;Limites a Nivel de Estacion;3;MENSUAL HORARIO;281;DICIEMBRE;3:00:00;0;0;3.9;7.2;NOTA TECNICA N2 y N3;
SI_2OR;SIERRA CENTRO ORIENTAL;472DF5D6;HUAYTAPALLANA;33;N_PRECIPITACION;LNE;Limites a Nivel de Estacion;3;MENSUAL HORARIO;282;DICIEMBRE;4:00:00;0;0;3.8;6.8;NOTA TECNICA N2 y N3;
SI_2OR;SIERRA CENTRO ORIENTAL;472DF5D6;HUAYTAPALLANA;33;N_PRECIPITACION;LNE;Limites a Nivel de Estacion;3;MENSUAL HORARIO;283;DICIEMBRE;5:00:00;0;0;4.3;6.7;NOTA TECNICA N2 y N3;
SI_2OR;SIERRA CENTRO ORIENTAL;472DF5D6;HUAYTAPALLANA;33;N_PRECIPITACION;LNE;Limites a Nivel de Estacion;3;MENSUAL HORARIO;284;DICIEMBRE;6:00:00;0;0;2.8;6.6;NOTA TECNICA N2 y N3;
SI_2OR;SIERRA CENTRO ORIENTAL;472DF5D6;HUAYTAPALLANA;33;N_PRECIPITACION;LNE;Limites a Nivel de Estacion;3;MENSUAL HORARIO;285;DICIEMBRE;7:00:00;0;0;3.2;6.6;NOTA TECNICA N2 y N3;
SI_2OR;SIERRA CENTRO ORIENTAL;472DF5D6;HUAYTAPALLANA;33;N_PRECIPITACION;LNE;Limites a Nivel de Estacion;3;MENSUAL HORARIO;286;DICIEMBRE;8:00:00;0;0;2;6.5;NOTA TECNICA N2 y N3;
SI_2OR;SIERRA CENTRO ORIENTAL;472DF5D6;HUAYTAPALLANA;33;N_PRECIPITACION;LNE;Limites a Nivel de Estacion;3;MENSUAL HORARIO;287;DICIEMBRE;9:00:00;0;0;3.2;8;NOTA TECNICA N2 y N3;
SI_2OR;SIERRA CENTRO ORIENTAL;472DF5D6;HUAYTAPALLANA;33;N_PRECIPITACION;LNE;Limites a Nivel de Estacion;3;MENSUAL HORARIO;288;DICIEMBRE;10:00:00;0;0;5.2;9.3;NOTA TECNICA N2 y N3;
SI_2OR;SIERRA CENTRO ORIENTAL;472DF5D6;HUAYTAPALLANA;33;N_PRECIPITACION;LNE;Limites a Nivel de Estacion;3;MENSUAL HORARIO;289;DICIEMBRE;11:00:00;0;0;1.5;10.8;NOTA TECNICA N2 y N3;
SI_2OR;SIERRA CENTRO ORIENTAL;472DF5D6;HUAYTAPALLANA;33;N_PRECIPITACION;LNE;Limites a Nivel de Estacion;3;MENSUAL HORARIO;290;DICIEMBRE;12:00:00;0;0;0;0;NOTA TECNICA N2 y N3;
SI_2OR;SIERRA CENTRO ORIENTAL;472DF5D6;HUAYTAPALLANA;33;N_PRECIPITACION;LNE;Limites a Nivel de Estacion;3;MENSUAL HORARIO;291;DICIEMBRE;13:00:00;0;0;5.5;14.1;NOTA TECNICA N2 y N3;
SI_2OR;SIERRA CENTRO ORIENTAL;472DF5D6;HUAYTAPALLANA;33;N_PRECIPITACION;LNE;Limites a Nivel de Estacion;3;MENSUAL HORARIO;292;DICIEMBRE;14:00:00;0;0;9;14.7;NOTA TECNICA N2 y N3;
SI_2OR;SIERRA CENTRO ORIENTAL;472DF5D6;HUAYTAPALLANA;33;N_PRECIPITACION;LNE;Limites a Nivel de Estacion;3;MENSUAL HORARIO;293;DICIEMBRE;15:00:00;0;0;6;15.2;NOTA TECNICA N2 y N3;
SI_2OR;SIERRA CENTRO ORIENTAL;472DF5D6;HUAYTAPALLANA;33;N_PRECIPITACION;LNE;Limites a Nivel de Estacion;3;MENSUAL HORARIO;294;DICIEMBRE;16:00:00;0;0;6.9;14.4;NOTA TECNICA N2 y N3;
SI_2OR;SIERRA CENTRO ORIENTAL;472DF5D6;HUAYTAPALLANA;33;N_PRECIPITACION;LNE;Limites a Nivel de Estacion;3;MENSUAL HORARIO;295;DICIEMBRE;17:00:00;0;0;8.5;14.2;NOTA TECNICA N2 y N3;
SI_2OR;SIERRA CENTRO ORIENTAL;472DF5D6;HUAYTAPALLANA;33;N_PRECIPITACION;LNE;Limites a Nivel de Estacion;3;MENSUAL HORARIO;296;DICIEMBRE;18:00:00;0;0;8.6;14.2;NOTA TECNICA N2 y N3;
SI_2OR;SIERRA CENTRO ORIENTAL;472DF5D6;HUAYTAPALLANA;33;N_PRECIPITACION;LNE;Limites a Nivel de Estacion;3;MENSUAL HORARIO;297;DICIEMBRE;19:00:00;0;0;6;13.4;NOTA TECNICA N2 y N3;
SI_2OR;SIERRA CENTRO ORIENTAL;472DF5D6;HUAYTAPALLANA;33;N_PRECIPITACION;LNE;Limites a Nivel de Estacion;3;MENSUAL HORARIO;298;DICIEMBRE;20:00:00;0;0;7.5;11.4;NOTA TECNICA N2 y N3;
SI_2OR;SIERRA CENTRO ORIENTAL;472DF5D6;HUAYTAPALLANA;33;N_PRECIPITACION;LNE;Limites a Nivel de Estacion;3;MENSUAL HORARIO;299;DICIEMBRE;21:00:00;0;0;6.5;10.2;NOTA TECNICA N2 y N3;
SI_2OR;SIERRA CENTRO ORIENTAL;472DF5D6;HUAYTAPALLANA;33;N_PRECIPITACION;LNE;Limites a Nivel de Estacion;3;MENSUAL HORARIO;300;DICIEMBRE;22:00:00;0;0;6.1;9.4;NOTA TECNICA N2 y N3;
SI_2OR;SIERRA CENTRO ORIENTAL;472DF5D6;HUAYTAPALLANA;33;N_PRECIPITACION;LNE;Limites a Nivel de Estacion;3;MENSUAL HORARIO;301;DICIEMBRE;23:00:00;0;0;6.1;8.9;NOTA TECNICA N2 y N3;
